Date,Earth,Plague,Wind,Water,Lightning,Ice,Shadow,Light,Arcane,Nature,Fire,Notes,Total,,
6/8/2013,30,80,169,57,85,72,126,91,115,95,59,mmmm just found some hidden gems,979,,
6/19/2013,464,1295,1470,796,1333,796,1485,1000,1548,1220,841,in a necro post in the ice forums,12248,,
7/9/2013,803,2421,3302,1509,2429,1663,2092,1761,2903,2229,1576,-12/17/18 squid <3,22688,,
7/14/2013,887,2737,3740,1701,2726,1934,3299,1984,3273,2486,1763,rip one of them is missing light tho oh well,26530,,
9/13/2013,1080,3448,4732,2205,3513,2600,4223,2581,4207,3205,2203,,33997,,
10/21/2013,1088,3457,4723,2203,3515,2675,4241,2596,4181,3200,2195,,34074,,
10/24/2013,1323,4354,5738,2691,4362,3617,5138,3282,5170,3965,2759,After registration period,42399,,
10/27/2013,1340,4401,5716,2692,4418,3719,5111,3357,5131,3936,2798,,42619,,
11/4/2013,1361,4449,5667,2680,4444,3848,5064,3418,5054,3929,2814,,42728,,
11/12/2013,1370,4455,5627,2687,4464,3917,5054,3443,5029,3934,2820,After small registration,42800,,
12/22/2013,1383,4442,5558,2677,4528,4118,5012,3493,4942,3892,2803,,42848,,
12/27/2013,1382,4441,5557,2674,4530,4135,5007,3500,4931,3886,2805,,42848,,
1/21/2014,1382,4425,5531,2676,4533,4230,4975,3543,4909,3860,2807,,42871,,
2/16/2014,1396,4415,5496,2666,4548,4303,4970,3577,4876,3839,2809,,42895,,
2/25/2014,1396,4416,5489,2672,4549,4309,4977,3590,4863,3825,2811,,42897,,
4/3/2014,1402,4417,5494,2665,4561,4327,4957,3623,4830,3811,2816,,42903,,
4/13/2014,1403,4421,5475,2667,4564,4331,4958,3641,4820,3808,2814,,42902,,
4/15/2014,1848,6083,7859,3779,6278,5434,7146,4959,7486,5821,3732,After registration period,60425,,
4/21/2014,1872,6166,7955,3820,6382,5552,7201,5094,7547,5891,3804,,61284,,
4/27/2014,1871,6169,7954,3835,6395,5604,7198,5131,7508,5889,3808,,61362,,
5/3/2014,1871,6170,7944,3858,6402,5638,7194,5155,7496,5885,3818,,61431,,
5/7/2014,1879,6171,7934,3850,6422,5665,7187,5162,7482,5884,3812,,61448,,
5/26/2014,1878,6157,7916,3846,6428,5746,7187,5205,7423,5885,3828,,61499,,
6/2/2014,1880,6156,7897,3846,6419,5776,7189,5220,7419,5888,3827,,61517,,
6/4/2014,2335,7810,10353,5100,8160,6977,9453,6629,10329,7902,4899,After registration period,79947,,
8/14/2014,2374,7913,10284,5117,8415,7404,9482,6945,10184,7792,4966,Huge data break here,80876,,
8/19/2014,2374,7919,10274,5120,8413,7426,9470,6951,10178,7779,4974,,80878,,
9/2/2014,2375,7935,10249,5122,8406,7455,9473,6957,10172,7754,4986,,80884,,
9/17/2014,2371,7950,10216,5122,8409,7489,9470,6975,10180,7729,4979,,80890,,
,,,,,,,,,,,,Regular Sunday Tracking Begins,,,
9/21/2014,2371,7953,10214,5120,8405,7501,9469,6977,10178,7726,4979,,80893,,
9/28/2014,2374,7959,10202,5117,8401,7515,9464,6982,10188,7715,4977,"Starfall Celebration, Arcane dominant",80894,,
10/5/2014,2375,7974,10198,5116,8394,7531,9460,6988,10178,7707,4973,Shadow dominant,80894,,
10/12/2014,2378,7985,10181,5124,8399,7545,9459,7001,10159,7690,4974,DOM CHANGES: Plague>Light>Earth,80895,,
10/14/2014,2865,10074,12582,6528,10414,9081,12272,8446,13272,9893,6118,"mid-week, after REGISTRATION",101545,,
10/19/2014,2890,10161,12617,6573,10492,9181,12407,8537,13332,9948,6152,"Water Dominant, REGISTRATION",102290,,
10/26/2014,3629,10201,12589,6572,10490,9256,12450,8583,13277,9941,6159,Shadow Dominant,103147,,
11/2/2014,3629,10230,12593,6569,10487,9289,12445,8601,13243,9909,6162,Riot of Rot!! Plague Dominant,103157,,
11/9/2014,3630,10216,12600,6551,10487,9339,12452,8622,13206,9883,6172,Wind Dominant,103158,,
11/16/2014,3633,10216,12579,6551,10488,9384,12456,8650,13170,9859,6177,Ice Dominant,103163,,
11/17/2014,3830,10970,13419,7055,11247,10035,13542,9156,14282,10630,6601,halfway through registration!,110767,,
11/18/2014,4013,11604,14348,7553,11997,10670,14670,9678,15402,11374,7025,"mid-week, after REGISTRATION",118334,,
11/23/2014,4047,11635,14411,7590,12079,10776,14758,9740,15452,11413,7074,Fire Dominant,118975,,
11/30/2014,4100,11675,14449,7628,12123,10882,14839,9810,15428,11434,7119,Rockbreakers! Earth Dominant,119487,,
12/7/2014,4088,11670,14434,7623,12120,10935,14862,9843,15388,11417,7111,Shadow Dominant,119491,,
12/14/2014,4086,11668,14430,7621,12121,10972,14864,9885,15354,11391,7101,"Water Dominant, Battle Royale !!",119493,,
12/17/2014,4385,12907,15854,8513,13481,12172,16741,10978,17202,12645,7841,"mid-week, after REGISTRATION",132719,,
12/22/2014,4394,12942,15886,8514,13529,12249,16790,11047,17144,12646,7853,Light Dominant,132994,,
12/28/2014,4394,12967,15863,8500,13535,12344,16822,11085,17074,12622,7864,"Plague Dominant, December Event",133070,,
1/4/2015,4393,12970,15844,8481,13534,12456,16844,11134,16991,12590,7865,"Ice Dominant, December Event",133102,,
1/11/2015,4392,12975,15821,8479,13530,12514,16883,11179,16913,12568,7868,Shadow Dominant,133122,,
1/18/2015,4390,12985,15807,8458,13514,12559,16907,11248,16857,12552,7854,Light Dominant,133131,,
1/25/2015,4391,12987,15784,8446,13507,12620,16935,11284,16801,12536,7851,Shadow Dominant,133142,,
2/1/2015,4383,12986,15767,8436,13503,12694,16926,11303,16784,12528,7843,Icebreaker's! Ice Dominant?,133153,,
2/8/2015,4377,12989,15753,8443,13518,12717,16935,11325,16758,12510,7832,Battle of the Four Elements?! Lightning Dominant,133157,Earth,2
2/15/2015,4380,12988,15736,8434,13518,12741,16943,11349,16721,12515,7833,Fire Dominant,133158,Plague,3
2/22/2015,4384,12986,15726,8425,13511,12777,16958,11355,16701,12511,7829,Light Dominant,133163,Wind,4
3/1/2015,4385,12989,15719,8432,13504,12780,16980,11365,16686,12503,7824,Trickmurk Circus! Shadow Dominant,133167,Water,5
3/8/2015,4382,12980,15737,8436,13495,12802,16960,11386,16668,12503,7819,Water Dominant!,133168,Lightning,6
3/15/2015,4379,12984,15743,8433,13487,12817,16957,11398,16660,12491,7820,Plague Dominant,133169,Ice,7
3/22/2015,4378,12976,15755,8434,13489,12845,16954,11402,16641,12482,7815,Ice Dominant,133171,Shadow,8
3/29/2015,4375,12978,15765,8432,13499,12847,16942,11424,16623,12475,7814,Mistral Jamboree! Wind Dominant,133174,Light,9
4/5/2015,4378,12990,15749,8440,13492,12859,16931,11443,16620,12457,7815,Plague Dominant,133174,Arcane,10
4/9/2015,4784,14537,17746,9564,15210,14485,19457,12858,18939,14090,8815,"mid-week, after REGISTRATION",150485,Nature,11
4/12/2015,4792,14580,17794,9602,15263,14538,19509,12916,19010,14153,8854,Light Dominant,151011,Fire,12
4/19/2015,4804,14595,17787,9604,15323,14577,19509,12965,18966,14170,8877,Earth Dominant,151177,,
4/26/2015,4800,14597,17781,9617,15345,14618,19478,13001,18944,14170,8872,Lightning Dominant,151223,,
5/3/2015,4795,14599,17778,9635,15348,14662,19451,13033,18910,14167,8875,Wavecrest! Water Dominant,151253,,
5/10/2015,4800,14607,17754,9628,15345,14684,19433,13055,18910,14174,8884,Ice Dominant,151274,,
5/17/2015,4794,14605,17742,9628,15336,14704,19438,13074,18898,14179,8886,Shadow Dominant,151284,,
5/19/2015,5027,15568,18845,10287,16435,15689,21043,13841,20351,15262,9543,"mid-week, after REGISTRATION",161891,,
5/24/2015,5035,15609,18880,10303,16492,15747,21094,13899,20383,15325,9579,Fire Dominant,162346,,
5/31/2015,5031,15616,18883,10299,16512,15772,21094,13917,20368,15356,9581,Greenskeeper Gathering,162429,,
6/7/2015,5032,15631,18892,10300,16506,15781,21081,13957,20348,15341,9582,Wind Dominant,162451,,
6/14/2015,5192,16459,19851,10873,17421,16536,22384,14590,21593,16075,10153,"Plague Dominant, after REGISTRATION",171127,,
6/21/2015,5193,16454,19854,10898,17457,16593,22406,14658,21619,16107,10167,Arcane Dominant,171406,,
6/28/2015,5194,16478,19846,10894,17458,16613,22384,14726,21598,16101,10175,Brightshine Jubilee,171467,,
7/5/2015,5198,16513,19840,10881,17464,16645,22373,14733,21585,16084,10179,Plague Dominant,171495,,
7/12/2015,5202,16532,19843,10882,17485,16672,22332,14741,21569,16073,10183,Plague Dominant,171514,,
7/19/2015,5200,16541,19835,10882,17491,16703,22305,14754,21560,16060,10190,Earth Dominant,171521,,
7/21/2015,5375,17355,20686,11465,18444,17481,23601,15322,22789,16859,10748,"mid-week, after REGISTRATION",180125,,
7/26/2015,5385,17392,20696,11473,18502,17545,23597,15348,22827,16890,10760,Ice Dominant,180415,,
8/2/2015,5401,17406,20693,11474,18526,17575,23561,15368,22815,16881,10779,Thundercrack Carnivale,180479,,
8/9/2015,5405,17405,20681,11476,18522,17597,23544,15380,22837,16876,10792,Earth Dominant,180515,,
8/14/2015,5540,18076,21330,11887,19129,18131,24473,15833,23777,17441,11187,"mid-week, after REGISTRATION",186804,,
8/16/2015,5543,18097,21339,11893,19141,18157,24491,15851,23800,17463,11195,Arcane Dominant,186970,,
8/23/2015,5556,18107,21314,11899,19132,18190,24486,15884,23796,17465,11219,Nature Dominant,187048,,
8/30/2015,5554,18120,21307,11910,19133,18212,24454,15899,23789,17453,11246,Flameforger's,187077,,
9/6/2015,5553,18138,21297,11908,19140,18238,24432,15912,23805,17436,11232,Water Dominant,187091,,
9/14/2015,5555,18155,21287,11908,19140,18273,24413,15923,23809,17411,11231,Plague Dominant,187105,,
9/20/2015,5557,18170,21278,11905,19144,18290,24382,15932,23828,17401,11225,Lightning Dominant,187112,,
9/27/2015,5556,18196,21248,11911,19122,18310,24365,15935,23866,17390,11217,"Starfall Celebration, Arcane dominant",187116,,
10/11/2015,5555,18275,21226,11916,19094,18370,24342,15956,23812,17383,11200,Plague Dominant / Ice Dominant,187129,,
10/18/2015,5561,18297,21212,11920,19082,18382,24340,15964,23805,17380,11193,Water Dominant,187136,,
10/25/2015,5558,18334,21209,11912,19080,18390,24343,15961,23786,17374,11192,Light Dominant,187139,,
11/1/2015,5572,18359,21200,11904,19063,18397,24346,15968,23773,17368,11198,Riot of Rot!! Plague Dominant,187148,,
11/8/2015,5581,18350,21194,11899,19070,18423,24348,15964,23763,17363,11199,Nature Dominant,187154,,
11/15/2015,5589,18356,21201,11900,19069,18445,24327,15962,23757,17352,11199,Ice Dominant,187157,,
11/17/2015,5594,18357,21207,11899,19071,18443,24321,15966,23755,17349,11198,"mid-week, before REGISTRATION",187160,,
11/20/2015,5947,19623,22660,12744,20221,19556,26347,16852,25600,18507,11928,"mid-week, after REGISTRATION",199985,,
11/22/2015,5960,19642,22684,12751,20239,19580,26373,16872,25613,18514,11937,Wind Dominant,200165,,
11/29/2015,5973,19666,22677,12755,20254,19626,26365,16904,25610,18516,11938,Rockbreakers! Earth Dominant,200284,,
12/6/2015,5977,19699,22671,12748,20264,19661,26334,16926,25607,18527,11940,Plague Dominant,200354,,
12/13/2015,5979,19704,22676,12742,20263,19684,26319,16947,25594,18518,11944,Light Dominant,200370,,
12/16/2015,6143,20326,23379,13125,20867,20279,27339,17384,26477,19154,12343,"mid-week, after REGISTRATION",206816,,
12/20/2015,6151,20343,23379,13130,20877,20311,27341,17398,26478,19162,12346,"Earth Dominant, Ice v Fire fight",206916,,
12/27/2015,6159,20368,23368,13134,20874,20363,27333,17409,26465,19159,12333,"Ice Dominant, NotN",206965,,
1/3/2016,6162,20385,23354,13120,20874,20397,27338,17434,26443,19155,12321,"Plague Dominant, NotN",206983,,
1/10/2016,6155,20375,23345,13110,20865,20438,27358,17448,26413,19165,12322,Shadow Dominant,206994,,
1/15/2016,6362,21263,24243,13678,21695,21119,28799,18116,27599,20032,12836,"mid-week, after REGISTRATION",215742,,
1/17/2016,6367,21284,24243,13684,21699,21230,28804,18135,27605,20038,12839,"BotFF, Nature Dominant",215928,,
1/24/2016,6376,21290,24247,13670,21692,21298,28783,18160,27594,20047,12835,Earth Dominant,215992,,
1/31/2016,6384,21281,24237,13658,21695,21355,28771,18180,27586,20029,12834,"Crystalline Gala, Ice Dominant",216010,,
2/7/2016,6568,22009,25011,14121,22360,21994,30063,18739,28664,20636,13317,"Fire Dominant, after REGISTRATION",223482,,
2/14/2016,6568,22035,25015,14126,22384,22012,30064,18775,28643,20655,13304,"Lightning Dominant, Light v Plague fight",223581,,
2/21/2016,6568,22034,25012,14127,22383,22030,30082,18806,28630,20640,13305,Light Dominant,223617,,
2/28/2016,6567,22030,25000,14130,22376,22056,30120,18805,28611,20633,13305,"Shadow Dominant, Trickmurk",223633,,
3/6/2016,6570,22025,25010,14131,22369,22066,30083,18830,28614,20641,13310,Arcane Dominant,223649,,
3/13/2016,6799,22824,25895,14617,23161,22696,31357,19486,29728,21362,13821,"Light Dominant, after REGISTRATION",231746,,
3/20/2016,6794,22823,25911,14609,23160,22731,31350,19522,29686,21382,13842,Fire Dominant,231810,,
3/27/2016,6799,22806,25934,14620,23163,22734,31333,19551,29659,21384,13838,Nature Dominant,231821,,
4/3/2016,6792,22807,25939,14626,23158,22746,31335,19568,29639,21382,13844,"Wind Dominant, JAMBOREE",231836,,
4/17/2016,6790,22798,25876,14647,23176,22762,31335,19619,29608,21393,13850,"Plague Dominant, Fire Dominant",231854,,
4/24/2016,6790,22792,25869,14658,23182,22760,31323,19646,29593,21398,13850,Earth Dominant,231861,,
5/1/2016,6791,22796,25872,14683,23172,22762,31313,19669,29568,21398,13847,Wavecrest! Water Dominant,231871,,
5/8/2016,6966,23865,26779,15276,24047,23448,32814,20390,30798,22290,14443,"Plague Dominant, after REGISTRATION",241116,,
5/15/2016,6969,23891,26774,15285,24049,23480,32823,20437,30795,22305,14449,Fire Dominant,241257,,
5/22/2016,6968,23907,26768,15283,24045,23495,32796,20473,30778,22334,14443,Ice Dominant,241290,,
5/29/2016,6971,23916,26765,15277,24049,23501,32782,20512,30751,22337,14444,Greenskeeper Gathering,241305,,
6/5/2016,7074,24477,27287,15599,24563,23928,33580,20962,31515,22771,14787,Plague Dominant,246543,,
6/13/2016,7085,24463,27279,15592,24581,23944,33562,21025,31500,22773,14791,Lightning Dominant,246595,,
6/19/2016,7085,24464,27272,15594,24584,23964,33550,21063,31474,22769,14789,Light Dominant,246608,,
6/26/2016,7092,24449,27261,15598,24595,23962,33542,21122,31442,22769,14786,Earth Dominant,246618,,
7/4/2016,7090,24453,27248,15600,24606,23959,33522,21182,31417,22771,14779,"Brightshine Jubilee, Light dominant",246627,,
7/10/2016,7091,24453,27236,15608,24604,23973,33512,21193,31413,22773,14777,Plague Dominant,246633,,
7/17/2016,7087,24463,27227,15603,24612,23980,33501,21204,31397,22780,14781,Nature Dominant,246635,,
7/24/2016,7237,25138,27915,16041,25273,24605,34525,21739,32375,23351,15175,"Ice Dominant, after REGISTRATION",253374,,
7/31/2016,7250,25151,27899,16040,25308,24617,34501,21782,32355,23345,15172,"Thundercrack Carnivale, Lightning Dom",253420,,
8/7/2016,7248,25158,27905,16042,25290,24615,34500,21815,32339,23336,15181,Light Dominant,253429,,
8/14/2016,7249,25170,27908,16045,25293,24618,34483,21833,32328,23324,15185,Wind Dominant,253436,,
8/21/2016,7366,25723,28407,16408,25763,25043,35306,22218,33129,23773,15550,"Plague Dominant, after REGISTRATION",258686,,
8/28/2016,7363,25739,28397,16414,25769,25045,35280,22242,33126,23774,15574,"Flameforger's, Fire Dom",258723,,
9/4/2016,7366,25743,28405,16409,25776,25061,35263,22272,33125,23756,15561,Light Dominant,258737,,
9/11/2016,7373,25742,28395,16406,25776,25083,35256,22300,33109,23746,15558,Ice Dominant,258744,,
9/18/2016,7498,26208,28824,16704,26197,25494,35992,22764,33836,24177,15850,Light Dominant,263544,,
9/25/2016,7498,26229,28811,16705,26198,25510,35972,22788,33866,24189,15831,"Nature Dominant, after REGISTRATION",263597,,
10/02/2016,7505,26232,28809,16694,26190,25513,35961,22800,33899,24178,15825,"Starfall Celebration, Arcane dominant",263606,,
10/16/2016,7668,27166,29623,17155,26837,26111,37194,23427,35025,24829,16259,after WELCOME WEEK (Plague/Wind Dom),271294,,
10/23/2016,7661,27207,29630,17142,26822,26131,37177,23458,35045,24828,16240,Arcane Dominant,271341,,
11/6/2016,7667,27234,29598,17142,26816,26162,37159,23500,35020,24831,16230,"Riot of Rot, Plague Dominant",271359,,
11/12/2016,7672,27227,29600,17134,26813,26183,37146,23518,35016,24828,16229,Nature Dominant,271366,,
11/20/2016,7846,27987,30262,17596,27451,26854,38313,24107,36025,25455,16694,after WELCOME WEEK (Fire Dom),278590,,
11/27/2016,7866,27983,30252,17598,27453,26884,38291,24145,36025,25441,16696,Light Dom,278634,,
12/04/2016,7880,27983,30247,17599,27448,26905,38280,24177,36005,25433,16690,Rockbreakers! Earth Dominant,278647,,
12/10/2016,7882,27991,30242,17589,27450,26917,38256,24217,35995,25432,16681,Light Dom,278652,,
12/18/2016,7995,28642,30844,17962,28024,27507,39273,24750,36888,26061,17013,after WELCOME WEEK (Lightning Dom),284959,,
12/27/2016,7991,28640,30824,17953,28029,27536,39278,24787,36893,26084,17001,"NotN, Nature Dom",285016,,
1/1/2017,7990,28627,30815,17954,28029,27549,39271,24824,36888,26084,16998,"NotN, Light Dom",285029,,
1/15/2017,8128,29323,31410,18335,28558,28185,40265,25382,37766,26591,17377,"after WELCOME WEEK Light Dom, Plague Dom",291320,,
1/22/2017,8131,29326,31418,18334,28552,28222,40241,25409,37759,26594,17367,"Wind Dom, BotB III",291353,,
1/29/2017,8133,29331,31404,18329,28550,28265,40229,25427,37738,26592,17363,"Crystalline Gala, Ice Dominant",291361,,
2/5/2017,8137,29348,31404,18332,28545,28266,40228,25436,37724,26588,17364,Plague Dominant,291372,,
2/11/2017,8141,29355,31402,18332,28548,28263,40223,25448,37712,26591,17362,Plague Dominant,291377,,
2/19/2017,8268,29974,32002,18712,29057,28775,41243,26035,38545,27139,17673,"after WELCOME WEEK, Light Dominant",297423,,
2/26/2017,8268,29983,32010,18705,29054,28781,41289,26054,38532,27132,17665,Trickmurk Circus! Shadow Dominant,297473,,
3/5/2017,8271,29991,32021,18698,29053,28789,41265,26074,38525,27133,17669,Ice Dom :D,297489,,
3/11/2017,8275,29983,32027,18707,29064,28791,41247,26089,38520,27130,17664,"Lightning Dom, Lightning v Fire",297497,,
3/19/2017,8406,30557,32592,19056,29541,29219,42107,26597,39251,27630,18016,"Earth Dom, after WELCOME WEEK",302972,,
3/26/2017,8406,30560,32603,19055,29553,29227,42092,26627,39242,27629,18015,Light Dom,303009,,
4/2/2017,8402,30568,32641,19054,29563,29218,42079,26642,39218,27633,18010,"Mistral Jamboree, Wind Dom",303028,,
4/8/2017,8401,30573,32618,19057,29572,29223,42064,26668,39215,27631,18010,Plague Dominant,303032,,
4/16/2017,8540,31173,33170,19408,30044,29632,42892,27077,40044,28115,18257,Arcane Dominant,308352,,
4/23/2017,8540,31170,33155,19416,30054,29657,42872,27103,40037,28111,18260,"Earth Dominant, Light v Earth",308375,,
5/7/2017,8559,31162,33147,19427,30059,29681,42837,27138,40021,28124,18245,"Water Dom, Wavesat then Earth dominant",308400,,
5/13/2017,8561,31164,33143,19426,30062,29682,42830,27150,40005,28131,18251,Fire Dominant,308405,,
5/21/2017,8706,31777,33712,19796,30588,30179,43856,27655,40883,28737,18564,"Shadow Dominant, after Welcome",314453,,
5/28/2017,8709,31779,33705,19798,30593,30199,43830,27699,40861,28747,18566,Light Dominant,314486,,
6/4/2017,8706,31775,33698,19792,30581,30208,43815,27722,40860,28772,18568,Greenskeeper Gathering,314497,,
6/10/2017,8738,31898,33768,19839,30663,30296,43956,27860,40976,28825,18626,"Plegdom, Mini Anniversary Reg",315445,,
6/18/2017,8864,32456,34255,20185,31105,30683,44640,28314,41665,29273,18878,"Plague Dom, After Welcome Week",320318,,
6/25/2017,8872,32451,34242,20181,31094,30702,44627,28383,41670,29253,18871,Earth Dom,320346,,
7/2/2017,8874,32445,34227,20175,31095,30711,44612,28448,41659,29243,18871,"Light Dom, Brightshine",320360,,
7/8/2017,8872,32435,34217,20167,31098,30721,44598,28499,41647,29239,18869,Light Dom ,320362,,
7/16/2017,9003,32941,34678,20541,31670,31124,45408,29019,42402,29766,19145,"Light Dom, after Welcome Week",325697,,
7/23/2017,9003,32932,34681,20548,31688,31140,45388,29044,42393,29749,19149,"Water Dom, IvW",325715,,
7/30/2017,9011,32918,34677,20546,31711,31148,45377,29057,42386,29744,19150,"Lightning Dom, Thundercrack",325725,,
8/6/2017,9017,32921,34662,20540,31710,31149,45381,29069,42384,29742,19156,"Earth Dom, Arcane v Shadow",325731,,
8/12/2017,9010,32922,34655,20535,31703,31162,45379,29071,42390,29746,19164,Arcane Dominant,325737,,
8/20/2017,9175,33571,35225,20904,32172,31673,46286,29633,43227,30310,19528,"Light Dominant, after Welcome Week",331704,,
8/27/2017,9185,33562,35228,20898,32177,31703,46261,29661,43225,30304,19539,Earth Dom,331743,,
9/3/2017,9191,33561,35225,20900,32181,31719,46241,29675,43216,30296,19556,"Flameforger's, Fire Dom",331761,,
9/9/2017,9193,33561,35224,20894,32187,31732,46232,29692,43204,30292,19554,Earth Dom,331765,,
9/17/2017,9358,34165,35725,21267,32802,32181,47088,30133,44028,30787,19868,"Lightning Dom, after Welcome Week",337402,,
10/15/2017,9577,34817,36177,21613,33263,32671,47947,30650,44812,31269,20143,"after Welcome Week, brief hiatus",342939,,
10/22/2017,9582,34848,36175,21607,33255,32688,47934,30675,44779,31270,20158,Earth Dom,342971,,
10/29/2017,9587,34872,36170,21601,33248,32706,47927,30675,44775,31264,20158,"Plague Dom, Riot of Rot",342983,,
11/5/2017,9594,34855,36162,21605,33247,32725,47928,30693,44767,31255,20159,Water Dom,342990,,
11/11/2017,9599,34847,36157,21608,33254,32743,47920,30701,44754,31254,20156,"Ice Dom, [eyes emoji]",342993,,
11/19/2017,9762,35404,36668,21968,33805,33254,48785,31168,45500,31784,20436,Lightning Dom,348534,,
11/26/2017,9775,35402,36675,21964,33821,33264,48778,31195,45496,31781,20432,Light Dom,348583,,
12/3/2017,9790,35414,36681,21964,33827,33274,48795,31220,45506,31797,20434,"Earth Dom, Fest",348702,,
12/9/2017,9792,35420,36671,21965,33831,33279,48793,31231,45504,31801,20427,Nature Dom,348714,,
12/24/2017,9935,35836,37046,22298,34203,33665,49478,31651,46032,32206,20647,"Water/Earth Dom, after Welcome Week",352997,,
12/31/2017,9937,35836,37050,22300,34207,33683,49474,31658,46022,32197,20649,Fire Dom,353013,,
1/8/2018,9934,35827,37046,22321,34213,33701,49455,31673,46005,32201,20646,Water Dom,353022,,
1/13/2018,9946,35816,37041,22324,34211,33704,49448,31685,45998,32203,20648,Earth Dom,353024,,
1/21/2018,10147,36401,37569,22723,34728,34212,50337,32125,46825,32705,20952,"Earth Dom, after WELCOME WEEK",358724,,
1/30/2018,10147,36398,37564,22715,34727,34258,50311,32161,46799,32715,20949,Light Dom,358744,,
2/4/2018,10146,36395,37559,22716,34730,34281,50302,32179,46784,32709,20945,"Ice Dom, GLA",358746,,
2/10/2018,10144,36407,37553,22712,34729,34289,50303,32206,46760,32703,20944,Plague Dom,358750,,
2/18/2018,10256,36878,37932,23002,35107,34668,51064,32604,47389,33156,21172,"Light Dom, after Welcome Week",363228,,
2/25/2018,10254,36879,37938,23006,35107,34675,51069,32609,47382,33163,21170,Wind Dom,363252,,
3/4/2018,10261,36866,37935,23004,35106,34680,51107,32632,47353,33157,21160,"Shadow Dom, Trickmurk!",363261,,
3/11/2018,10266,36876,37940,23001,35116,34679,51092,32639,47346,33157,21152,Earth Dom,363264,,
3/18/2018,10341,37183,38229,23217,35332,34925,51512,32863,47724,33449,21328,"Water Dom, Open Reg Begins End-of-Week",366103,,
3/22/2018,10380,37381,38450,23361,35509,35076,51792,33014,48001,33660,21439,"One Week Post Open Reg, Fire Dom",368063,,
4/1/2018,10438,37702,38800,23543,35762,35301,52250,33214,48357,33947,21579,Wind Dom,370893,,
4/8/2018,10482,37929,38991,23698,35902,35436,52568,33375,48616,34123,21677,Shadow Dom,372797,,
4/15/2018,10533,38089,39128,23799,36037,35562,52852,33526,48851,34270,21756,Light Dom,374403,,
4/22/2018,10573,38249,39261,23926,36195,35700,53086,33651,49045,34429,21844,Earth Dom,375959,,
4/30/2018,10625,38439,39447,24140,36342,35871,53364,33787,49268,34598,21921,Wavecrest! Water Dominant,377802,,
5/6/2018,10646,38562,39562,24225,36431,35974,53564,33867,49473,34713,21983,Ice Dom,379000,,
5/13/2018,10676,38725,39690,24324,36548,36087,53816,33973,49671,34853,22063,Plague Dom,380426,,
5/20/2018,10709,38870,39791,24405,36676,36191,54030,34097,49874,34967,22110,Shadow Dom,381720,,
5/27/2018,10736,39004,39917,24503,36837,36296,54235,34210,50028,35127,22187,Lightning Dom,383080,,
6/3/2018,10767,39191,40031,24598,36978,36439,54493,34319,50256,35370,22275,"Nature Dom, Greenskeeper",384717,,
6/10/2018,10802,39399,40182,24718,37157,36595,54818,34472,50517,35528,22397,"Fire Dom, Anniversary",386585,,
6/17/2018,10870,39571,40339,24858,37315,36774,55103,34619,50812,35714,22518,Water Dom,388493,,
6/24/2018,10912,39729,40440,24961,37465,36898,55344,34792,51013,35843,22593,Earth Dom,389990,,
7/1/2018,10962,39883,40580,25068,37659,36986,55577,34981,51222,35971,22690,Light Dom,391579,,
7/8/2018,11006,40072,40714,25174,37855,37173,55839,35102,51443,36095,22785,Lightning Dom,393258,,
7/15/2018,11052,40239,40852,25285,38017,37307,56054,35207,51641,36251,22869,Earth Dom,394774,,
7/22/2018,11093,40408,41006,25395,38227,37480,56339,35313,51859,36397,22968,Ice Dom,396485,,
7/29/2018,11130,40553,41120,25490,38461,37617,56520,35429,52114,36523,23048,"Thundercrack, Lightning Dom",398005,,
8/5/2018,11167,40739,41262,25599,38600,37749,56759,35540,52365,36644,23143,Arcane Dominant,399567,,
8/12/2018,11213,40946,41409,25729,38765,37890,57042,35667,52652,36807,23253,Water Dom,401373,,
8/19/2018,11276,41126,41569,25842,38893,38004,57495,35769,52885,36950,23342,Earth Dom,403151,,
8/26/2018,11320,41369,41721,25943,39047,38169,57800,35865,53126,37097,23478,Shadow Dom,404935,,
9/2/2018,11409,41597,41875,26057,39208,38317,58090,35985,53395,37234,23630,"Fire Dom, Flameforgers",406797,,
9/9/2018,11464,41814,42016,26153,39363,38466,58321,36102,53649,37366,23713,Plague Dom,408427,,
9/16/2018,11534,41987,42151,26261,39498,38570,58551,36234,53875,37503,23785,Earth Dom,409949,,
9/23/2018,11589,42146,42278,26367,39644,38702,58873,36332,54165,37652,23901,Earth Dom,411649,,
9/30/2018,11636,42344,42397,26456,39778,38900,59209,36442,54514,37797,24005,"Starfall Celebration, Arcane dominant",413478,,
10/7/2018,11714,42532,42529,26546,39906,39031,59502,36547,54726,37943,24088,Earth Dom,415064,,
10/14/2018,11770,42748,42677,26656,40053,39205,59762,36682,54935,38111,24156,Earth Dom,416755,,
10/21/2018,11808,43077,42760,26726,40156,39310,60010,36823,55114,38231,24248,Light Dom,418263,,
10/28/2018,11852,43301,42869,26804,40268,39406,60267,36921,55295,38349,24318,Shadow Dom,419650,,
11/4/2018,11885,43645,43003,26912,40380,39522,60497,37023,55483,38460,24396,"Plague Dom, Plaguefest",421206,,
11/11/2018,11932,43824,43099,27016,40495,39645,60708,37118,55672,38572,24443,Water Dom,422524,,
11/18/2018,11988,43973,43220,27090,40614,39751,60909,37200,55863,38687,24519,Lightning Dom,423814,,
11/25/2018,12050,44121,43353,27160,40734,39896,61141,37334,56030,38808,24584,Wind Dom,425211,,
12/2/2018,12116,44270,43464,27235,40858,40022,61360,37453,56231,38927,24656,Earth Fest,426592,,
12/9/2018,12175,44398,43576,27320,40974,40151,61571,37551,56438,39055,24726,Earth Dom,427935,,
12/16/2018,12252,44534,43670,27396,41126,40287,61789,37635,56602,39175,24791,"Earth Dom, ",429257,,
12/23/2018,12298,44655,43779,27475,41241,40384,61997,37738,56779,39292,24878,EARTH ,430516,,
12/30/2018,12338,44791,43880,27572,41368,40520,62267,37838,56969,39426,24956,"Fire Dom, NotN",431925,,
1/6/2019,12392,44919,43973,27658,41457,40629,62472,37958,57143,39557,25033,"Earth Dom, NotN",433191,,
1/13/2019,12449,45069,44073,27783,41552,40747,62652,38058,57332,39694,25112,Water Dom,434521,,
1/20/2019,12494,45224,44178,27860,41677,40888,62866,38129,57525,39829,25184,Nature Dom,435854,,
1/27/2019,12536,45369,44272,27943,41805,41057,63080,38237,57715,39953,25234,Lightning Dom,437201,,
2/3/2019,12580,45485,44379,28017,41921,41214,63281,38323,57885,40054,25287,"GLA, Ice Dom",438426,,
2/10/2019,12626,45611,44479,28109,42016,41306,63477,38436,58050,40154,25369,Earth,439633,,
2/17/2019,12672,45740,44584,28184,42121,41396,63701,38551,58207,40271,25437,Light Dom,440864,,
2/24/2019,12708,45865,44684,28256,42216,41476,63925,38669,58372,40367,25502,Light Dom,442040,,
3/4/2019,12753,46024,44825,28357,42371,41680,64218,38799,58645,40539,25567,Trickmurk Circus! Shadow Dominant,443778,,
3/10/2019,12817,46170,44933,28419,42476,41821,64373,38869,58777,40638,25607,Earth,444900,,
3/17/2019,12853,46452,45053,28489,42592,41916,64577,38971,58981,40759,25676,Plague dom,446319,,
3/24/2019,12898,46640,45172,28571,42681,42006,64751,39054,59156,40848,25746,earth dom,447523,,
3/31/2019,12958,46803,45346,28665,42792,42098,64974,39163,59358,40986,25808,"mistral Jamboree, Wind Dom",448951,,
4/7/2019,13011,46990,45480,28750,42936,42206,65221,39262,59547,41121,25884,eart hdom,450408,,
4/14/2019,13059,47122,45611,28836,43094,42317,65414,39342,59755,41251,25945,Lightning Dom,451746,,
4/21/2019,13102,47250,45717,28931,43220,42439,65620,39437,59946,41378,25996,Ice Dom !!,453036,,
4/28/2019,13149,47399,45826,29076,43343,42546,65811,39557,60116,41500,26064,"Water Dom, Wavecrest",454387,,
5/5/2019,13196,47524,45924,29146,43449,42609,65972,39636,60250,41593,26117,Earth Dom,455416,,
5/12/2019,13223,47668,46024,29205,43553,42701,66166,39753,60413,41689,26181,Light Dom,456576,,
5/19/2019,13266,47796,46119,29255,43673,42786,66380,39856,60618,41821,26261,Shadow Dom,,,